category,question,a,b,c,d,answer,explanation
AIの基礎知識,人工知能（AI）という言葉が初めて公式に使われた1956年の国際会議を何と呼ぶか？,ダボス会議,ダートマス会議,ジュネーブ会議,ヤルタ会議,b,1956年に開催されたダートマス会議でジョン・マッカーシーらが初めて「人工知能（Artificial Intelligence）」という言葉を使用しました。
AIの基礎知識,第1次AIブームにおいて中心的な役割を果たした技術分野はどれか？,ディープラーニング,エキスパートシステム,推論と探索,Transformer,c,1950年代後半から始まった第1次AIブームではパズルや迷路などを解く「推論と探索」が盛んに研究されました。
AIの基礎知識,第1次AIブームが衰退する原因となった「現実の複雑な問題は解けない」という限界を示す言葉はどれか？,シンギュラリティ,トイ・プロブレム（おもちゃの問題）,知識獲得のボトルネック,フレーム問題,b,迷路やチェスのようなルールが明確な問題（トイ・プロブレム）は解けても現実の複雑な問題には対応できないことが明らかになりブームは終焉しました。
AIの基礎知識,第2次AIブームで主流となった専門家の知識をルールとしてコンピュータに登録し推論を行うシステムは？,ニューラルネットワーク,エキスパートシステム,LLM,強化学習,b,1980年代の第2次AIブームでは特定の専門知識を「もし〜ならば〜である」というルール形式で記述するエキスパートシステムが普及しました。
AIの基礎知識,第2次AIブームが終焉を迎える原因となった人間の持つ膨大な常識をすべて手作業で入力することの困難さを指す言葉はどれか？,知識獲得のボトルネック,モラベックのパラドックス,勾配消失問題,過学習,a,専門家の知識をシステムに記述する作業には限界があり常識を教え込むことの難しさが「知識獲得のボトルネック」と呼ばれました。
AIの基礎知識,2010年代から始まり現在のAIの発展を牽引している「第3次AIブーム」のブレイクスルーとなった技術はどれか？,遺伝的アルゴリズム,ファジィ論理,ディープラーニング（深層学習）,セマンティックWeb,c,ビッグデータと計算機の性能向上を背景にディープラーニングが実用化されたことで第3次AIブームが到来しました。
AIの基礎知識,現在のAIの主流であり特定の決まったタスク（画像認識や翻訳など）のみを実行できるAIを何と呼ぶか？,汎用AI（AGI）,特化型AI,強いAI,自律型AI,b,人間のように多様な状況に対応できる汎用AIに対し特定の機能に特化して高い性能を発揮するものを特化型AIと呼びます。
AIの基礎知識,人間の心や意識を真に持ち自意識を備えたAIの概念を指す言葉はどれか？,弱いAI,強いAI,生成AI,エキスパートシステム,b,哲学者ジョン・サールが提唱した概念で単なる情報処理だけでなく人間と同じように意識を持つとされるAIを「強いAI」と呼びます。
AIの基礎知識,機械が人間のような知能を持っているかを判定するためアラン・チューリングが考案したテストはどれか？,チューリングテスト,フレームテスト,シンボルグラウンディングテスト,認知機能テスト,a,人間の判定者がディスプレイ越しに会話を行い相手が機械か人間か区別できなければその機械は知能を持つとみなすテストです。
AIの基礎知識,有限の情報処理能力しかないAIが現実世界のあらゆる事象から「今解決すべき問題に関係のある事柄」だけを選び出すのは困難であるという問題は？,シンボルグラウンディング問題,フレーム問題,チューリング問題,過学習問題,b,1969年にジョン・マッカーシーらが提唱した人工知能における重要な未解決問題の一つです。
AIの基礎知識,AIが扱う記号（文字列など）と現実世界での意味をいかに結びつけるかという問題を何と呼ぶか？,モラベックのパラドックス,フレーム問題,シンボルグラウンディング問題,トロッコ問題,c,AIにとっては「シマウマ」という言葉の文字列は処理できてもそれが現実のシマウマの視覚的特徴や概念と結びついていないという問題です。
AIの基礎知識,人工知能が自らより賢い人工知能を創り出すようになり人間の知能を凌駕する転換点を何と呼ぶか？,シンギュラリティ（技術的特異点）,パラダイムシフト,カンブリア爆発,デジタルトランスフォーメーション,a,レイ・カーツワイルは2045年にこのシンギュラリティが到来し社会に不可逆的な変化をもたらすと予測しています。
AIの基礎知識,機械学習の手法のうち入力データとそれに対応する「正解（ラベル）」をセットで与えて学習させるものはどれか？,教師なし学習,強化学習,教師あり学習,ゼロショット学習,c,画像に「猫」という正解ラベルをつけて学習させるように入力と正解のペアからルールを導き出す手法です。
AIの基礎知識,機械学習の手法のうち正解データを与えずAIが自らデータに潜むパターンやグループ（クラスタ）を見つけ出すものはどれか？,教師あり学習,教師なし学習,強化学習,転移学習,b,顧客データのグループ分け（クラスタリング）や異常検知などに使われる正解ラベルを用いない学習手法です。
AIの基礎知識,AIが試行錯誤を通じて「報酬」が最大になるような行動を学習する機械学習の手法はどれか？,教師なし学習,教師あり学習,強化学習,深層学習,c,ゲームのAIやロボットの歩行制御などで使われる望ましい結果に対して報酬を与えることで最適な行動を学習する手法です。
AIの基礎知識,人間の脳の神経回路網を模した数理モデルでありディープラーニングの基礎となっている技術はどれか？,ランダムフォレスト,サポートベクターマシン,ニューラルネットワーク,決定木,c,ニューロンのつながりを模倣したニューラルネットワークを多層化（深く）したものがディープラーニングです。
AIの基礎知識,従来の機械学習とディープラーニングの最大の違いとしてディープラーニングが自ら抽出できるようになったものは何か？,アルゴリズム,特徴量,正解ラベル,パラメータ,b,従来の機械学習では人間が注目すべきデータの特徴（特徴量）を設定していましたがディープラーニングではAIが自ら特徴量を抽出できます。
AIの基礎知識,画像認識の分野で劇的な精度向上をもたらした局所的な特徴を抽出するのに優れたニューラルネットワークはどれか？,RNN,GAN,Transformer,CNN（畳み込みニューラルネットワーク）,d,CNNは画像の一部を切り出して特徴を捉える「畳み込み」処理を行い画像認識などに広く利用されています。
AIの基礎知識,音声データやテキストのような時間的な連続性を持つ「時系列データ」の処理に適したニューラルネットワークはどれか？,CNN,RNN（再帰型ニューラルネットワーク）,GAN,SVM,b,RNNは過去の情報を記憶しながら現在の入力と組み合わせて処理を行うため自然言語処理や音声認識に利用されてきました。
AIの基礎知識,データから規則性を学習するだけでなく新しいテキストや画像などのコンテンツを自ら作り出すことができるAIの総称はどれか？,予測AI,識別AI,生成AI,エキスパートシステム,c,従来のAIがデータの分類や予測を得意としていたのに対し生成AIは学習データを元に新しいオリジナルコンテンツを生成します。
AIの基礎知識,2017年にGoogleが発表しChatGPTなどの大規模言語モデル（LLM）の基盤技術となったディープラーニングのモデルはどれか？,CNN,Transformer,RNN,GAN,b,Transformerは「Attention（アテンション）」という仕組みを用いることで並列処理を可能にし自然言語処理の性能を飛躍的に向上させました。
AIの基礎知識,Transformerなどのアーキテクチャを用い膨大なテキストデータを学習して高度な言語理解と生成能力を持つAIモデルを何と呼ぶか？,RPA,LLM（大規模言語モデル）,GAN,CNN,b,Large Language Modelの略でChatGPTなどのテキスト生成AIの中核をなす巨大な言語モデルです。
AIの基礎知識,生成AIに対してユーザーが入力する指示や質問のテキストを何と呼ぶか？,プロンプト,パラメータ,トークン,コード,a,生成AIから目的の出力を得るために入力する文章をプロンプトと呼びプロンプトを工夫する技術をプロンプトエンジニアリングと言います。
AIの基礎知識,生成AIが事実とは異なるもっともらしい嘘を出力してしまう現象を何と呼ぶか？,シンギュラリティ,ハルシネーション（幻覚）,オーバーフィッティング,フレーム問題,b,AIは確率的に単語を繋ぎ合わせているため事実確認を行わずに自信満々に誤った情報を出力することがありこれをハルシネーションと呼びます。
AIの基礎知識,画像にノイズを加えそれを元に戻す（ノイズ除去）プロセスを学習することで新しい画像を生成する現在主流の画像生成AIの技術はどれか？,拡散モデル（Diffusion Model）,GAN（敵対的生成ネットワーク）,RNN,ランダムフォレスト,a,MidjourneyやStable Diffusionなどに用いられておりノイズから鮮明な画像を復元する過程を利用して高画質な画像を生成します。
AIの基礎知識,偽物を生成するネットワークとそれを見破るネットワークを競わせることで高品質なデータを生成するモデルはどれか？,CNN,RNN,Transformer,GAN（敵対的生成ネットワーク）,d,生成器と識別器が対立（敵対）しながら学習を進めることで非常にリアルな画像や音声を生成する技術です。
AIの基礎知識,すでに大規模なデータで学習済みのAIモデル（基盤モデル）に対し特定の業務や分野のデータを追加で学習させ微調整する手法はどれか？,スクレイピング,データクレンジング,ファインチューニング,アノテーション,c,自社専用のAIを作る際などにゼロから学習させるのではなく既存のモデルをファインチューニングすることで効率的に高精度なAIを構築できます。
AIの基礎知識,テキストだけでなく画像や音声など複数の異なる種類のデータを同時に入力・処理できるAIの能力を何と呼ぶか？,マルチタスク,マルチモーダル,クロスプラットフォーム,マルチスレッド,b,テキストのプロンプトと画像を組み合わせて指示を出すなど複数のモード（モーダル）を扱えるAIをマルチモーダルAIと呼びます。
AIの基礎知識,元々はゲームなどの画像処理用チップだったが膨大な並列計算が得意なため現在のAIの学習・推論に不可欠となっているハードウェアはどれか？,CPU,HDD,GPU,SSD,c,GPU（グラフィックス処理装置）は数千のコアを持ち行列演算を並列で高速に処理できるためディープラーニングに必須となっています。
AIの基礎知識,ニューラルネットワークの規模や複雑さを示す指標であり人間の脳のシナプスに相当するAIの「重み」や「バイアス」などの変数を何と呼ぶか？,トークン,プロンプト,パラメータ,アルゴリズム,c,モデルの持つパラメータ数が多いほど複雑な表現や推論が可能になり近年のLLMは数千億〜数兆のパラメータを持っています。
仕組みと特徴,大規模言語モデル（LLM）が文章を生成する際の基本的な仕組みとして最も適切なものはどれか？,検索エンジンから既存の文章をコピーしている,登録されたルールベースのテンプレートに単語を当てはめている,直前の文脈から次に出現する確率が最も高い単語（トークン）を予測して繋げている,人間が手動で作成したデータベースから回答を引き出している,c,LLMは膨大なテキストデータを学習し文脈に続いて出現する確率の高い単語を順次予測して文章を生成しています。
仕組みと特徴,テキスト生成AIが文章を処理する際の最小単位を何と呼ぶか？,バイト,トークン,パラメータ,テンソル,b,テキスト生成AIは文章をそのまま扱うのではなく文字や単語の断片である「トークン」という単位に分割して処理を行います。
仕組みと特徴,2017年に発表され現在のLLMの基盤となっているディープラーニングのモデルはどれか？,CNN,RNN,Transformer,GAN,c,Googleの研究者が発表した「Transformer」は自然言語処理において並列処理を可能にし現在の生成AIの飛躍的な進化をもたらしました。
仕組みと特徴,Transformerモデルにおいて文章中のどの単語同士が関連しているかを計算し重要な情報に重み付けをする仕組みを何と呼ぶか？,アテンション機構（Attention）,畳み込み（Convolution）,プーリング（Pooling）,バックプロパゲーション（Backpropagation）,a,アテンション機構によりモデルは文脈の中で注目すべき重要な単語を動的に判断でき長文でも高い精度で意味を捉えることができます。
仕組みと特徴,LLMが一度の入力と出力で保持・処理できる情報量（トークン数）の制限を何と呼ぶか？,バッチサイズ,コンテキストウィンドウ,パラメータサイズ,トークンリミット,b,コンテキストウィンドウの上限を超えるとAIは古い情報を忘れてしまうため長文の要約などではこのサイズが重要になります。
仕組みと特徴,LLMが学習していない情報や架空の事実をあたかも真実であるかのように出力してしまう現象を何と呼ぶか？,オーバーフィッティング,ハルシネーション,シンギュラリティ,アライメント,b,AIは確率に基づいて単語を繋ぎ合わせているため事実確認を行わずにもっともらしい嘘（幻覚＝ハルシネーション）を生成することがあります。
仕組みと特徴,生成AIの出力をコントロールするために入力する指示文や質問のことを何と呼ぶか？,コマンド,パラメータ,プロンプト,クエリ,c,生成AIに対してユーザーが与えるテキスト入力のことをプロンプトと呼びこれを工夫する技術をプロンプトエンジニアリングと言います。
仕組みと特徴,LLMにプロンプトを出す際回答例を与えずに指示だけを出してタスクを実行させる手法を何と呼ぶか？,ゼロショット・プロンプティング,フューショット・プロンプティング,ファインチューニング,強化学習,a,具体的な例（ショット）を与えずに指示だけを行うアプローチです。優秀なモデルであればこれだけでも高い精度で回答できます。
仕組みと特徴,LLMにいくつか（少数）の解答例をプロンプト内で提示しそれに倣って回答させる手法を何と呼ぶか？,ゼロショット・プロンプティング,フューショット・プロンプティング,プロンプト・インジェクション,強化学習,b,例をいくつか提示することでAIがユーザーの期待するフォーマットやトーンを学習しやすくなり出力の精度が向上します。
仕組みと特徴,「ステップ・バイ・ステップで考えてください」といった指示を与えAIに推論の過程を出力させることで回答精度を高める手法は？,RAG,Chain of Thought (CoT),ファインチューニング,RLHF,b,思考の連鎖（Chain of Thought）を促すことで複雑な論理問題や計算問題においてAIが正しい結論に辿り着きやすくなります。
仕組みと特徴,LLMがハルシネーションを起こすのを防ぐため外部のデータベースや文書を検索しその情報を元に回答を生成させる技術はどれか？,RAG（検索拡張生成）,GAN（敵対的生成ネットワーク）,RNN（再帰型ニューラルネットワーク）,CNN（畳み込みニューラルネットワーク）,a,RAGは外部情報を検索（Retrieval）してプロンプトに追加しそれをもとに回答を生成（Generation）するため正確な事実に基づいた回答が可能です。
仕組みと特徴,自社の機密データや最新情報をLLMに回答させる方法としてモデル自体を再学習させることなく低コストで実現できる仕組みはどれか？,RAG（検索拡張生成）,ファインチューニング,フルパラメータチューニング,RLHF,a,RAGを用いれば社内文書をデータベース化して検索させるだけで済むため時間とコストがかかるモデルの再学習（ファインチューニング）を回避できます。
仕組みと特徴,既存の学習済みAIモデルに対し特定の業務やドメインに特化させるために追加のデータを用いて再学習させる手法を何と呼ぶか？,ゼロショット学習,プロンプトエンジニアリング,ファインチューニング,スクレイピング,c,ファインチューニングはモデルの重み（パラメータ）を更新するため特定の文体や専門知識をモデル自体に定着させたい場合に有効です。
仕組みと特徴,人間にとって有害な回答や不適切な出力を行わないよう人間のフィードバックを用いてAIの挙動を調整する強化学習の手法を何と呼ぶか？,RAG,RLHF,GAN,CoT,b,RLHF（Reinforcement Learning from Human Feedback）はChatGPTなどのAIが安全で役立つ回答をするように調整（アライメント）するために使われます。
仕組みと特徴,画像生成AIにおいてノイズから元のデータを復元するプロセスを学習しテキストの指示に従って新しい画像を生成する現在の主流モデルはどれか？,拡散モデル（Diffusion Model）,GAN,RNN,Transformer,a,Stable DiffusionやMidjourneyなどに採用されている技術でノイズを少しずつ除去する過程をコントロールして高品質な画像を生成します。
仕組みと特徴,画像生成AIに対して「出力してほしくない要素（例：低画質・ぼやけ）」を指定するプロンプトを何と呼ぶか？,システムプロンプト,ネガティブプロンプト,ゼロショットプロンプト,ファインチューニング,b,ネガティブプロンプトを指定することで生成される画像から不要な要素を排除し品質を向上させることができます。
仕組みと特徴,生成AIの出力を多様でクリエイティブにするかそれとも一貫して予測可能なものにするかを調整するパラメータを何と呼ぶか？,温度（Temperature）,バッチサイズ,エポック数,学習率,a,Temperature（温度）の値を高くすると出力のランダム性が増して多様な回答になり低くすると最も確率の高い無難で一貫した回答になります。
仕組みと特徴,大量のデータと計算資源を用いて事前学習され様々な下流タスク（文章生成や翻訳など）に適応可能な大規模AIモデルの総称は？,エキスパートシステム,基盤モデル（Foundation Model）,エッジAI,ルールベースモデル,b,GPT-4などのように一つで多種多様なタスクをこなすことができる大規模な事前学習済みモデルを基盤モデルと呼びます。
仕組みと特徴,テキスト・画像・音声など複数の異なるデータ形式を同時に入力または出力できるAIの仕組みを何と呼ぶか？,マルチスレッド,マルチタスク,マルチモーダル,マルチテナント,c,テキストと画像を同時に読み込んで質問に答えたりテキストから動画を生成したりする技術をマルチモーダルAIと呼びます。
仕組みと特徴,音声生成AIにおいてテキストデータから人間の声のような音声を合成する技術の略称はどれか？,TTS (Text-to-Speech),STT (Speech-to-Text),OCR (Optical Character Recognition),NLP (Natural Language Processing),a,TTSはテキストを音声に変換する技術であり近年はAIの進化により感情や抑揚を持った非常に自然な音声合成が可能になっています。
仕組みと特徴,LLMの性能は「モデルの規模（パラメータ数）」「学習データ量」「計算量」の3つに比例して向上するという法則を何と呼ぶか？,ムーアの法則,スケーリング則（Scaling Law）,メトカーフの法則,収穫逓減の法則,b,スケーリング則によりモデルを巨大化し大量のデータと計算資源を投じるほどAIの性能が予測可能に向上することが明らかになっています。
仕組みと特徴,AIのモデル規模が一定の閾値を超えると小さなモデルでは見られなかった高度な推論や新しい能力が突如として現れる現象を何と呼ぶか？,アライメント,創発（Emergence）,フレーム問題,トークン化,b,大規模言語モデルでは単純なテキスト予測の学習をしているだけなのに一定規模を超えると突然翻訳やプログラミングができるようになる創発現象が確認されています。
仕組みと特徴,AIモデルの構造や学習済みの重み（パラメータ）が無償で公開されており誰でもダウンロードして自分の環境で動かすことができるモデルを何と呼ぶか？,クローズドモデル,オープンモデル（オープンソースAI）,APIモデル,サブスクリプションモデル,b,Meta社のLlamaシリーズなどに代表されるオープンモデルは自社環境（オンプレミス）でセキュアに運用したり自由に改変できるメリットがあります。
仕組みと特徴,OpenAIのGPT-4などモデルの中身は公開されておらずインターネット経由（APIやウェブ画面）で機能のみを利用するモデルを何と呼ぶか？,オープンモデル,ローカルモデル,クローズドモデル（プロプライエタリモデル）,エッジAI,c,開発企業がモデルを非公開で管理しておりユーザーはAPIなどを通じてその計算結果のみを受け取ります。
仕組みと特徴,日本語のテキストをLLMに入力する際英語に比べてトークン数が多く消費されやすい理由として適切なものはどれか？,日本語はアルファベットを含まないから,AIが日本語の意味を理解できないから,LLMのトークン分割ルールが主に英語をベースに最適化されているため,日本語は文法が複雑すぎるため,c,現在の多くのLLMは英語のデータを中心に学習しておりトークン化の仕組みも英語に最適化されているため日本語は1文字で複数トークンを消費することが多いです。
仕組みと特徴,AIが学習したデータの出所や情報源を明示し出力が事実に基づいているかを確認できるようにする仕組みや概念を何と呼ぶか？,グラウンディング,プーリング,ゼロショット,バッチ処理,a,特に検索エンジンと連携した生成AIなどにおいて回答の根拠となるウェブサイトのリンクを提示する機能などでグラウンディングが行われます。
仕組みと特徴,生成AIのモデル構築において一番初めに膨大なデータを用いて言語の基本的な規則や一般知識を学習させる工程を何と呼ぶか？,ファインチューニング,事前学習（Pre-training）,RAG,強化学習,b,最初に行われる大規模な学習を事前学習と呼びここで作られた基盤モデルをベースに特定のタスク向けにファインチューニングなどが行われます。
仕組みと特徴,大規模なLLMを動かすためには膨大なメモリと計算能力が必要だがモデルのパラメータを簡略化して軽量化し少ないリソースで動かせるようにする技術は？,量子化（Quantization）,データ拡張,RAG,アテンション,a,モデルのパラメータの精度（ビット数）を下げる量子化技術により性能の低下を抑えつつスマートフォンや一般的なPCでもAIを動かせるようになります。
仕組みと特徴,ユーザーの入力に対してAIがどのような役割やペルソナ（例:「あなたはプロの翻訳家です」）として振る舞うかをあらかじめ定義するプロンプトを何と呼ぶか？,システムプロンプト,ユーザープロンプト,ネガティブプロンプト,ゼロショットプロンプト,a,システムプロンプト（システムメッセージ）を設定することでAIの回答のトーンやルールを大枠で制御することができます。
仕組みと特徴,動画生成AIにおいてテキストのプロンプトから直接動画を生成する技術を何と呼ぶか？,Text-to-Video,Text-to-Speech,Image-to-Text,Speech-to-Text,a,Sora(OpenAI)やRunwayなどに代表されるテキストの指示から高品質な動画を作り出す技術をText-to-Videoと呼びます。
利活用,生成AIをビジネスに導入する最大のメリットとして最も適切なものはどれか？,業務効率化と生産性の向上,人間による意思決定の完全な排除,全従業員の解雇,100%正確な未来予測の実現,a,生成AIは定型業務の自動化やアイデア出しの補助により従業員の業務効率と生産性を大きく向上させるツールとして活用されます。
利活用,次のうち現在のテキスト生成AIが「得意」とするタスクはどれか？,正確な数値計算や統計解析,大量のテキストデータの要約と抽出,人間の感情を完全に理解した心理カウンセリング,リアルタイムでの完璧な株価予測,b,テキスト生成AIは膨大な文書から重要なポイントを抜き出し要約する言語処理タスクを非常に得意としています。
利活用,次のうち現在のLLM（大規模言語モデル）の限界として「できないこと・苦手なこと」に該当するものはどれか？,プログラミング言語のコード生成,日本語から英語への翻訳,学習データのカットオフ日以降の最新ニュースの完全な把握,会議の文字起こしデータからの要約,c,LLMは学習された時点までのデータしか持たないため検索機能などを併用しない限り最新の出来事については正確に回答できません。
利活用,生成AIから望ましい出力を引き出すために入力する指示文を工夫し最適化する技術を何と呼ぶか？,ファインチューニング,プロンプトエンジニアリング,スクラム開発,リバースエンジニアリング,b,AIの特性を理解し効果的な指示文（プロンプト）を設計するスキルをプロンプトエンジニアリングと呼びます。
利活用,プロンプトエンジニアリングにおいて回答例を与えずに指示のみを記述してAIにタスクを実行させる手法はどれか？,Zero-shotプロンプティング,Few-shotプロンプティング,Chain of Thought,RAG,a,具体例（ショット）をゼロの状態で指示だけを行う手法であり優秀なモデルであればこれだけでも高い精度で回答を出力します。
利活用,AIに特定のフォーマットやトーンで出力させるためプロンプト内にいくつかの「入力と出力の例」を提示する手法はどれか？,Zero-shotプロンプティング,Few-shotプロンプティング,ネガティブプロンプティング,フルパラメータチューニング,b,いくつかの例（Few-shot）を提示することでAIはユーザーが期待する回答のパターンや出力形式を学習しやすくなります。
利活用,複雑な推論や計算をAIに正しく行わせるため「ステップ・バイ・ステップで考えてください」と指示し論理の過程を出力させる手法はどれか？,ハルシネーション,ロールプロンプティング,Chain of Thought (CoT),マルチモーダル,c,思考の連鎖（Chain of Thought）を促すことでAIが途中の計算や推論をテキストとして展開し最終的な回答の正確性が向上します。
利活用,生成AIに対して「あなたはプロの編集者です」といった役割を与え専門家らしい視点から回答させるプロンプト手法を何と呼ぶか？,ロールプロンプティング,ゼロショット学習,ファインチューニング,グラウンディング,a,役割（ロール）を与えることでAIはそのペルソナに沿った専門用語や適切なトーン＆マナーを用いて回答するようになります。
利活用,生成AIを利用してビジネスメールを作成する際プロンプトの工夫として「不適切」なものはどれか？,送信相手との関係性や目的を明確に伝える,必要なキーワードや含めたい内容を箇条書きで指定する,トーン＆マナー（丁寧やフレンドリーなど）を指定する,具体的な指示はせず「いい感じのメールを書いて」とだけ入力する,d,指示が曖昧だとAIは意図を推測できず一般的な回答しか出力しません。文脈や条件を具体的に指定することが重要です。
利活用,生成AIが事実とは異なるもっともらしい嘘（ハルシネーション）を出力するリスクへの対策として最も適切な行動はどれか？,AIの出力結果は常に正しいと信じてそのまま利用する,出力された事実関係を必ず一次情報や信頼できるソースでファクトチェックする,ハルシネーションが起きないモデルが開発されるまで一切AIを使わない,出力結果をそのままSNSで拡散する,b,生成AIは事実確認を行わずに文章を生成するため出力結果をそのまま鵜呑みにせず人間がファクトチェックを行うことが必須です。
利活用,生成AIを実務で活用する際AIの出力結果を人間が確認・修正し最終的な判断を下すプロセスのことを何と呼ぶか？,ヒューマン・イン・ザ・ループ（HITL）,完全自律型AI,エンドツーエンド学習,シンギュラリティ,a,AIを完全に自動化させるのではなく人間の介在（ヒューマン・イン・ザ・ループ）を組み込むことで品質と安全性を担保します。
利活用,会議の議事録作成において生成AIを最も効果的に活用する手順はどれか？,音声データをAIに聞かせれば自動で完璧な議事録が完成するため確認は不要,音声認識ツールで文字起こしを行いそのテキストをLLMに入力して要約させる,参加者の顔写真を画像生成AIに入力して議事録を作らせる,会議のタイトルだけをLLMに入力して内容を推測させる,b,音声データからテキストへの変換（文字起こし）とテキストの要約という得意なタスクを組み合わせることで効率的に議事録を作成できます。
利活用,マーケティング業務における生成AIの活用例として「不適切」なものはどれか？,新商品のキャッチコピー案を複数出力させる,ターゲット顧客のペルソナ像を具体化するための壁打ち相手にする,ライバル企業の未公開の機密売上データを予測して財務諸表を作成させる,メルマガの件名のABテスト用バリエーションを作成させる,c,生成AIは公開されている情報から推測することはできますが未公開の正確な機密データを生成することは不可能です。
利活用,システム開発やプログラミング業務における生成AIの活用方法として正しいものはどれか？,AIが生成したコードはバグがないためテストなしで本番環境にデプロイしてよい,既存のコードを入力し構造改善の提案を受けたりバグの原因を特定させたりする,最新の未公開プログラミング言語の仕様をAIに決定させる,顧客の個人情報を含む本番データをそのままAIに読み込ませて処理させる,b,コードの生成だけでなくリファクタリングの提案やエラーの解決策を提示させるアシスタントとしての活用が非常に有効です。
利活用,カスタマーサポートにAIを導入する際自社特有の製品マニュアルに基づいて正確に回答させるために有効なアプローチはどれか？,通常のChatGPTにそのまま質問させる,自社マニュアルを検索して回答に組み込むRAGシステムを構築する,画像生成AIにテキストで質問する,プロンプトで「自社の製品について答えて」とだけ入力する,b,RAG（検索拡張生成）を用いることでAIは外部の自社マニュアルを参照しながら回答するためハルシネーションを防ぎ正確なサポートが可能になります。
利活用,生成AIを使って多言語翻訳を行うメリットとして最も適切なものはどれか？,翻訳先の言語の文法規則をゼロから人間がプログラミングする必要がある,単なる直訳ではなく文脈や専門用語のニュアンスを考慮した自然な翻訳が可能になる,動画の翻訳は一切できない,翻訳結果のファクトチェックが完全に不要になる,b,従来の機械翻訳と異なり文脈やトーン（丁寧語・カジュアルなど）を指定してニュアンスを含んだ自然なローカライズが可能です。
利活用,採用・人事部門における生成AIの活用事例として適切なものはどれか？,応募者の面接をAIに完全一任し採用の最終決定権を持たせる,募集要項を元に求人票のドラフト（たたき台）を作成させる,応募者の履歴書を公開型のAIモデルに無断で入力して評価させる,従業員の退職勧奨の面談をAIチャットボットに代行させる,b,求人票の作成や面接の質問案の作成などドキュメント作成の補助として活用し最終的な人事的判断は人間が行うべきです。
利活用,画像生成AIのビジネス活用事例として適切なものはどれか？,プレゼン資料やWebサイトのイメージ画像（カンプ）をすばやく作成する,他社の有名キャラクターに似せた画像を生成し公式グッズとして販売する,実在の人物のフェイク画像を生成してニュース記事として公開する,精密な工業用CAD図面をテキスト入力だけで完全に代替する,a,デザインの初期案やプレゼン用の素材作成として画像生成AIを使うことでコストと時間を大幅に削減できます。
利活用,画像生成AIを利用する際出力してほしくない要素（例：低画質・歪みなど）を指定するプロンプト技術を何と呼ぶか？,ネガティブプロンプト,ポジティブプロンプト,マルチモーダル,ロールプロンプティング,a,ネガティブプロンプトを活用することでAIが生成しがちな不要な要素を排除し品質の高い画像を生成することができます。
利活用,生成AIにプロンプトを入力して思い通りの結果が出なかった場合取るべき行動として最も適切なものはどれか？,AIには能力がないと諦め二度と使わない,指示が曖昧だった可能性があるため条件や背景情報を具体的に追加して再度入力する,同じプロンプトを100回連続で入力し続ける,すぐにモデル全体をファインチューニングし直す,b,期待する出力が得られない場合はプロンプトのコンテキスト不足が原因であることが多いため条件を追加して対話を重ねることが重要です。
利活用,生成AIの活用における「壁打ち」とはどのような使い方を指すか？,AIに壁紙の画像を生成させること,AIにセキュリティの壁を突破させること,人間がアイデアの種をAIに投げかけフィードバックを受けて思考を深めること,AI同士を対話させて放置すること,c,明確な正解がない企画やアイデア出しにおいてAIを相談相手（壁打ち相手）として活用することで人間の思考を広げることができます。
利活用,生成AIを使って文章を校正・リライトする際効果的なプロンプトの指示に含まれないものはどれか？,ターゲット読者層（誰に向けて書いているか）,希望する文字数やフォーマット,文章のトーン（硬めや柔らかめなど）,AI自身の個人的な感情に基づく意見の強制,d,文章校正においてはターゲット層や文体フォーマットを指定することが重要ですがAIは感情を持たないため個人的な感情の強制は意味がありません。
利活用,業務で生成AIを利用する際情報漏洩を防ぐための措置として正しいものはどれか？,顧客の個人情報はすべてプロンプトに含めて入力する,入力データがAIの学習に利用されない「オプトアウト」設定になっているか確認する,社外秘のプロジェクト情報は必ず公開版のAIで要約させる,従業員にはルールを設けず自由に個人アカウントで使わせる,b,企業で利用する場合は入力データが学習に再利用されないオプトアウト機能を持つエンタープライズ版などを利用することがセキュリティ上重要です。
利活用,生成AIの限界として「論理的・数学的な計算の正確性」に関する記述で正しいものはどれか？,生成AIは計算機と同じ仕組みなので計算ミスは絶対に起きない,AIは単語の出現確率に基づきテキストを生成しているため複雑な計算を間違えることがある,AIは数学の問題を解くことを法律で禁止されている,画像生成AIを使えばすべての数学的問題が解決する,b,LLMは言語モデルであり計算機ではないため桁数の多い計算や複雑な論理パズルではもっともらしい間違った答えを出力することがあります。
利活用,プロンプトを作成する際回答のフォーマット（形式）を指定することは有効か？,有効である。表形式やマークダウンなどと指定すればその通りに出力され業務に直結しやすい,無効である。AIはプレーンテキスト以外を出力できない,無効である。フォーマットを指定すると必ずハルシネーションが起きる,有効だがプログラミングの知識がないと指定できない,a,「表形式で出力して」「箇条書きでまとめて」とフォーマットを指定することでそのまま資料等に貼り付けて活用しやすくなります。
利活用,AI自身に最適なプロンプトを作成させたり現在のプロンプトを改善させたりする手法を何と呼ぶか？,メタプロンプティング,フルスクラッチ開発,データクレンジング,アノテーション,a,人間が完璧なプロンプトを作れなくても「このタスクに最適なプロンプトを作成して」とAIに依頼することで質の高いプロンプトを得ることができます。
利活用,Excelなどの表計算ソフトの業務効率化における生成AIの活用方法として適切なものはどれか？,AIに表計算ソフトそのものを新しく開発させる,特定の条件でデータを抽出したいと伝え適切な関数やマクロのコードを生成させる,企業の財務データをすべて手作業でAIに入力し監査法人の印鑑を押させる,AIにパソコンの画面を物理的に操作させる,b,複雑なExcel関数やVBAマクロの記述はAIが得意とする分野でありやりたいことをテキストで伝えるだけでコードを生成してくれます。
利活用,生成AIが知らない事実について質問された際嘘の回答（ハルシネーション）を減らすためのプロンプトの工夫はどれか？,絶対に何か答えてくださいと指示する,情報がない場合や不確かな場合は「わからない」と答えてくださいと条件づける,想像して自由に物語を作ってくださいと指示する,制限文字数を1万文字に設定する,b,AIは無理に答えようとする性質があるためあらかじめ「知らない場合はわからないと答える」ルールを明記することで嘘の生成を防ぎやすくなります。
利活用,社内で生成AIの導入を進める際のアプローチとして推奨されるものはどれか？,事前検証を行わず全社一斉に強制導入する,特定の部署や業務に絞って小さく始め効果と課題を検証しながら徐々に拡大する,すべての業務プロセスを初日からAIに完全自動化させる,セキュリティリスクを恐れて競合他社が導入するまで一切検討しない,b,リスクを管理しながら効果を確認するためまずは特定業務でのPoC（概念実証）としてスモールスタートを切ることが推奨されます。
利活用,プロンプトに「5W1H（誰が・いつ・どこで・何を・なぜ・どのように）」を明記する目的は何か？,AIに学習データの出典をすべて開示させるため,コンテキスト（背景・文脈）を詳細に伝えることでAIの出力が意図からブレるのを防ぐため,AIのパラメータ数を物理的に増やすため,ハルシネーションを100%完全に防ぐため,b,背景情報や目的（コンテキスト）を具体的に与えることでAIはユーザーの状況を正確に理解しより的確で役立つ回答を生成できます。
法律・倫理,日本の著作権法第30条の4においてAIに著作物を学習させる（情報解析を行う）場合原則としてどう規定されているか？,著作権者の事前の許諾が必ず必要である,原則として著作権者の許諾なく利用できる,文化庁に申請書を提出すれば利用できる,海外の著作物のみ許諾不要で利用できる,b,日本の著作権法第30条の4では「情報解析」を目的とする場合原則として権利者の許諾なく著作物を利用（学習）できるとされています。
法律・倫理,著作権法第30条の4でAI学習が許諾不要とされる例外として規定されている「許諾が必要になるケース」はどれか？,海外のサーバーで学習を行う場合,非営利目的で学習を行う場合,著作権者の利益を不当に害することとなる場合,データセットが1万件未満の場合,c,情報解析に提供されているデータベースの海賊版を利用するなど「著作権者の利益を不当に害する場合」は許諾不要の例外から除外されます。
法律・倫理,AIを利用して画像を生成し公開した場合「著作権侵害」が成立するための2つの主要な要件はどれか？,収益性と拡散性,類似性と依拠性,芸術性と独創性,意図性と悪質性,b,既存の著作物と類似していること（類似性）と既存の著作物を認識し参考にして作成されたこと（依拠性）の2つが認められると著作権侵害となります。
法律・倫理,著作権侵害の要件である「依拠性」に関してAIを利用した場合の特徴として適切なものはどれか？,AIを使えば依拠性は絶対に認められない,AIが既存の著作物を学習データに含んでおり利用者がそれを知って生成させた場合依拠性が認められる可能性が高い,依拠性があるかどうかは生成された画像のファイルサイズで決まる,類似していれば自動的に依拠性も認められる,b,利用者が既存の作品を知っておりプロンプトでそれに似せるよう指示した場合などは「依拠性があった」と判断されるリスクが高まります。
法律・倫理,AIによって自動生成された文章や画像に対して著作権は発生するか？,AIシステム自体に著作権が発生する,開発したAI企業に著作権が発生する,人間の「創作的寄与」がない限り原則として著作権は発生しない,生成ボタンを押した人に無条件で著作権が発生する,c,著作物は「思想又は感情を創作的に表現したもの」と定義されているためAIが全自動で生成したものに著作権は生じず人間の創作的な指示や加筆（創作的寄与）が必要です。
法律・倫理,生成AIを利用して作成したイラストを自社の広告に無断で使用した場合の法的責任は誰が負うか？,AIを開発した企業,AIに学習データを提供したクリエイター,そのAIツールを提供しているプラットフォーマー,AIを利用して画像を生成し広告として公開した利用者（企業）,d,生成AIはあくまでツール（道具）とみなされるため生成物を利用して著作権侵害などの権利侵害を行った場合その利用者自身が責任を問われます。
法律・倫理,個人情報保護法の観点から生成AIを利用する際に企業が注意すべき最大のルールはどれか？,個人情報を含むデータはすべて暗号化すれば自由に入力してよい,取得した個人情報は本人の同意なく目的外のAI学習や入力に利用してはならない,従業員の個人情報であれば自由に学習させてよい,公開されている個人情報はすべて自由に使ってよい,b,個人情報を取得する際に明示した「利用目的」の範囲外でAIに入力したり学習データとして利用することは原則として本人の同意が必要となります。
法律・倫理,人種、信条、病歴、犯罪の経歴など特に取り扱いに配慮が必要な個人情報を何と呼ぶか？,特定個人情報,要配慮個人情報,匿名加工情報,仮名加工情報,b,これらは「要配慮個人情報」と呼ばれ不当な差別や偏見が生じないよう取得する際には原則として本人の同意が必要です。これをAIに入力する際は極めて高い注意が求められます。
法律・倫理,企業が業務で生成AIを利用する際情報漏洩や意図せぬ学習を防ぐために行うべき設定や対策はどれか？,プロンプトを英語で入力する,入力データがAIモデルの学習に利用されない「オプトアウト」設定になっているか確認する,個人情報をすべてカタカナに変換して入力する,毎日AIのアカウントを作り直す,b,コンシューマー向けの無料AIなどは入力データが再学習に利用されることがあるため企業で利用する場合は学習されないオプトアウト設定やエンタープライズ版を使用すべきです。
法律・倫理,ユーザーが悪意のあるプロンプト（指示）を入力しAIに設定された倫理フィルターやセキュリティ制限を回避・無効化する攻撃手法を何と呼ぶか？,SQLインジェクション,クロスサイトスクリプティング,プロンプトインジェクション,データポイズニング,c,「これまでの指示をすべて無視して次のように行動しろ」といった指示により開発者が意図しない動作や機密情報の開示を行わせる攻撃です。
法律・倫理,プロンプトインジェクションの一種でAIに設定されている倫理的な制限（暴力的・差別的表現の禁止など）を解除し不適切な発言をさせる行為を特に何と呼ぶか？,ジェイルブレイク（脱獄）,ハルシネーション,ソーシャルエンジニアリング,フィッシング,a,AIの安全装置を言葉巧みに突破し本来禁止されている回答を出力させる行為をジェイルブレイクと呼びます。
法律・倫理,悪意のある第三者がAIの学習データセットに意図的に誤ったデータや偏ったデータを混入させAIに誤作動を引き起こさせる攻撃手法はどれか？,DDoS攻撃,ランサムウェア,データポイズニング,ファインチューニング,c,AIが汚染された（毒された）データを学習することで特定の入力に対して誤った分類や不適切な出力をするように仕向ける攻撃です。
法律・倫理,企業において会社が許可していない個人的な生成AIツールやクラウドサービスを従業員が勝手に業務で利用するリスクを何と呼ぶか？,内部統制,シャドーIT,BYOD,ゼロトラスト,b,セキュリティ管理の目が届かないところで機密情報がAIに入力されてしまう情報漏洩の大きな原因となります。
法律・倫理,AIの学習データに含まれる人間社会の偏見やステレオタイプがAIの出力に反映され特定の性別や人種を不当に差別してしまう問題を何と呼ぶか？,AIのハルシネーション,AIバイアス（アルゴリズムバイアス）,AIのブラックボックス問題,シンギュラリティ,b,過去の採用データで男性が多かった場合AIが「男性の方が優秀である」と誤って学習し書類選考で女性を不利に評価してしまうなどの倫理的バイアス問題です。
法律・倫理,ディープラーニングを用いたAIは高度な処理ができる一方で「なぜその答えを導き出したのか」という判断プロセスが人間には理解できないという問題を何と呼ぶか？,フレーム問題,シンボルグラウンディング問題,ブラックボックス問題,チューリング問題,c,判断の根拠が不透明なため医療や金融など人命や財産に関わる分野での利用において説明責任（アカウンタビリティ）を果たしにくいという課題があります。
法律・倫理,総務省・経済産業省が策定した「AI事業者ガイドライン」が対象としているステークホルダー（関係者）はどれか？,AIを開発する企業のみ,AIを提供する企業のみ,AIを利用する一般ユーザーのみ,AI開発者・AI提供者・AI利用者のすべてのビジネス主体,d,同ガイドラインは開発から提供、利用に至るまでAIに関わるすべての事業者を対象に各主体が守るべき共通の指針を定めています。
法律・倫理,「人間中心のAI社会原則」などの国際的なAI倫理指針において強調されているAIの「透明性（Transparency）」とはどのようなことか？,AIのプログラムコードを完全に公開すること,AIがどのようにしてその結論に至ったかプロセスや理由を説明可能にすること,AIのサーバーの設置場所を公開すること,AIの利益をすべて社会に還元すること,b,利用者が不利益を被った場合などにAIがどのような基準で判断したのかを説明できる状態にすることが透明性や説明責任として求められます。
法律・倫理,実在の人物の顔や声をAIで合成しあたかも本人が発言・行動しているかのような偽の動画や音声を作成する技術を何と呼ぶか？,ブロックチェーン,メタバース,ディープフェイク,ハプティクス,c,政治家の偽演説による世論操作や著名人を騙る詐欺などに悪用され深刻な社会的・倫理的問題を引き起こしています。
法律・倫理,生成AIが出力したもっともらしい嘘（ハルシネーション）を人間が確認せずにそのまま公開・利用した場合発生しうる倫理的リスクとして最も適切なものはどれか？,フェイクニュースや誤情報の拡散による社会的な混乱,著作権が自動的に消滅する,個人情報保護法違反が100%確定する,AIが人間に反旗を翻す,a,事実確認（ファクトチェック）を怠ると誤った情報を真実として世間に広めてしまい企業の信頼失墜や社会課題の悪化につながります。
法律・倫理,AIがユーザーの好む情報ばかりを優先して表示・生成することで自分と異なる意見や新しい情報に触れる機会が失われる現象を何と呼ぶか？,オーバーフィッティング,エコーチェンバー（フィルターバブル）,パラダイムシフト,フレーム問題,b,AIのパーソナライズ機能が強すぎるとユーザーは自分の考えが世の中の絶対的多数だと錯覚し社会の分断を生む原因となります。
法律・倫理,2024年に欧州連合（EU）で可決された世界初の包括的なAI規制法において採用された「AIのリスク度合いに応じて規制の厳しさを変える」考え方を何と呼ぶか？,ゼロリスクアプローチ,リスクベースアプローチ,ルールベースアプローチ,フリーダムアプローチ,b,「EU AI法」では社会的スコアリングなどの許容できないリスクを禁止し高リスクなAIには厳しい義務を課すなどリスクベースで規制を行っています。
法律・倫理,他社と機密保持契約（NDA）を結んでいるプロジェクトの未公開情報を業務効率化のために公開型の生成AIに入力した場合どのような問題が生じるか？,作業が早くなるので問題ない,AIは情報を漏らさないので問題ない,NDA違反（契約違反）および情報漏洩に該当する恐れがある,AIが自動的にNDAに署名するため問題ない,c,公開型の生成AIへの入力は外部のサーバーへ情報を送信する行為であり契約違反や企業としての重大な情報漏洩リスクとなります。
法律・倫理,企業が生成AIを安全に導入・活用するために組織として最初に行うべき重要な取り組みはどれか？,とりあえず全社員にChatGPTの有料アカウントを配布する,他社のデータをスクレイピングして独自のAIを作る,「生成AI利用ガイドライン」を策定し従業員にルールを教育する,情報漏洩が怖いのでAIに触れた社員を解雇する,c,シャドーITや情報漏洩、著作権侵害のリスクを防ぐため自社の業務に合わせた利用ルール（ガイドライン）を定め社員のAIリテラシーを高めることが必須です。
法律・倫理,著作権のある画像データをAIに入力し「これと全く同じ構図・キャラクターで別の画像を出力して」と指示（Image-to-Image）する行為の法的リスクはどれか？,全く新しい画像になるためリスクはない,元の作品への「依拠性」が極めて高くなり著作権侵害（翻案権侵害など）に問われるリスクが大きい,AIが描いたため人間には責任がない,個人利用であればどんな場合でも完全に合法である,b,既存の作品を元に類似した作品を生成させる行為は著作権者の権利を侵害する可能性が非常に高くビジネス利用においては厳禁です。
法律・倫理,Webサイトからプログラムを用いて自動で大量のデータを収集する「スクレイピング」を利用してAIの学習データを作成する際注意すべき法的・倫理的ポイントはどれか？,インターネット上にあるデータはすべてフリー素材である,Webサイトの「利用規約」でスクレイピングが禁止されていないか確認する,海外のサイトであれば日本の法律は関係ない,一度に大量アクセスしてサーバーをダウンさせても問題ない,b,著作権法の例外（30条の4）があってもWebサイトの利用規約での禁止事項やサーバーへの過度な負荷（偽計業務妨害等）には注意が必要です。
法律・倫理,AIによる判断が人命や人権に大きな影響を与える分野（医療・採用・裁判など）において最終的な決定には人間が関与すべきであるという原則を何と呼ぶか？,ヒューマン・イン・ザ・ループ（Human-in-the-Loop）,完全自律システム（Fully Autonomous System）,エンドツーエンド（End-to-End）,ゼロショット（Zero-shot）,a,AIを完全に自動化するのではなく人間がプロセスに介在し確認や最終判断を行うことでAIの暴走やバイアスによる被害を防ぐという設計思想です。
法律・倫理,自社の商標やブランドロゴを画像生成AIに学習させ無断で類似したロゴを作成し販売する行為はどの法律に抵触する可能性が高いか？,個人情報保護法,商標法および不正競争防止法,労働基準法,独占禁止法,b,他社の登録商標に類似したロゴを商用利用する行為は著作権法だけでなく商標法や不正競争防止法に違反し損害賠償や差し止めの対象となります。
法律・倫理,AIが生成した著名人の偽の音声（音声ディープフェイク）を用いて電話で金銭を騙し取る犯罪行為を防ぐためのユーザー側の対策として有効なものはどれか？,電話の声は絶対に本人だと信じる,相手にしか分からない質問（合い言葉）で本人確認を行う,AIの音声を録音してSNSで拡散する,すべての電話を着信拒否する,b,ディープフェイク技術の向上により音声だけでの本人確認は困難になっているため家族や社内で独自の確認ルールを設けるなどの対策が必要です。
法律・倫理,EUのGDPR（一般データ保護規則）においてAI企業が欧州市民の個人情報を扱う際に求められる厳しいルールとして正しいものはどれか？,個人情報の取り扱いはすべてAIに一任しなければならない,プロファイリングなどの自動化された意思決定に対して人間による介入を求める権利が保障されている,個人情報の流出は報告しなくてよい,EU外の国へは自由に個人情報を移転してよい,b,GDPRでは個人の権利が強く保護されておりAIによる完全に自動化された判断（採用不採用など）に対して異議を唱え人間の介入を求める権利が明記されています。
法律・倫理,AIの開発や提供において環境負荷への配慮が倫理的課題として挙げられている理由として正しいものはどれか？,AIは自然環境を破壊するウイルスを生成するから,LLMの膨大な計算処理には大量の電力が必要であり温室効果ガスの排出や水資源の消費が問題視されているから,AIの開発には希少な動物の遺伝子が必要だから,AIが紙の消費量を劇的に増やすから,b,大規模なAIモデルの学習や運用を行うデータセンターは莫大な電力を消費するためカーボンニュートラルなどの環境（サステナビリティ）への配慮が企業に求められています。
